{
  "database": {
    "rules": "./firebase/database.rules.json"
  },
  "firestore": {
    "rules": "./firebase/firestore.rules",
    "indexes": "./firebase/firestore.indexes.json"
  },
  "functions": {
    "predeploy": ["npm --prefix \"$RESOURCE_DIR\" run lint"],
    "source": "./packages/api"
  },
  "hosting": {
    "public": "./packages/app/build",
    "ignore": ["firebase.json", "**/.*", "**/node_modules/**"],
    "rewrites": [
      {
        "source": "/.well-known/**",
        "function": "main"
      },
      {
        "source": "/api/**",
        "function": "main"
      },
      {
        "source": "**",
        "destination": "/index.html"
      }
    ]
  },
  "storage": {
    "rules": "./firebase/storage.rules"
  }
}
